<?xml version="1.0"?>

<!DOCTYPE faces-config PUBLIC
  "-//Sun Microsystems, Inc.//DTD JavaServer Faces Config 1.0//EN"
  "http://java.sun.com/dtd/web-facesconfig_1_0.dtd">

<!-- =========== FULL CONFIGURATION FILE ================================== -->

<faces-config>

    <application>
    	<message-bundle>appMessages</message-bundle>
    	<locale-config>
        	<default-locale>en</default-locale>
        	<supported-locale>ja</supported-locale>
    	</locale-config>
	</application>

	<render-kit>
		<renderer>
			<component-family>javax.faces.Output</component-family>
			<renderer-type>org.seasar.teeda.extension.HtmlOutputText</renderer-type>
			<renderer-class>
				examples.teeda.render.HogeOutputRenderer
			</renderer-class>
		</renderer>
	</render-kit>
</faces-config>