<?xml version="1.0"?>

<!DOCTYPE faces-config PUBLIC
  "-//Sun Microsystems, Inc.//DTD JavaServer Faces Config 1.0//EN"
  "http://java.sun.com/dtd/web-facesconfig_1_0.dtd">

<!-- =========== FULL CONFIGURATION FILE ================================== -->

<faces-config>
	<lifecycle>
		<phase-listener>org.seasar.teeda.core.event.PhaseChangeTracer</phase-listener>
	</lifecycle>

	<managed-bean>
		<managed-bean-name>helloBean</managed-bean-name>
		<managed-bean-class>examples.teeda.bean.HelloBean</managed-bean-class>
		<managed-bean-scope>request</managed-bean-scope>
	</managed-bean>
	
	<managed-bean>
		<managed-bean-name>commandLinkBean</managed-bean-name>
		<managed-bean-class>examples.teeda.bean.CommandLinkBean</managed-bean-class>
		<managed-bean-scope>request</managed-bean-scope>
	</managed-bean>

	<managed-bean>
		<managed-bean-name>addBean</managed-bean-name>
		<managed-bean-class>examples.teeda.bean.AddBean</managed-bean-class>
		<managed-bean-scope>request</managed-bean-scope>
	</managed-bean>
	
	<!--
	<navigation-rule>
		<from-view-id>*</from-view-id>
		<navigation-case>
			<from-outcome>back</from-outcome>
			<to-view-id>/index.html</to-view-id>
			<redirect />
		</navigation-case>
	</navigation-rule>
	-->
</faces-config>
