<?xml version="1.0"?>

<!DOCTYPE faces-config PUBLIC
  "-//Sun Microsystems, Inc.//DTD JavaServer Faces Config 1.0//EN"
  "http://java.sun.com/dtd/web-facesconfig_1_0.dtd">

<!-- =========== FULL CONFIGURATION FILE ================================== -->

<faces-config>
	<lifecycle>
		<phase-listener>org.seasar.teeda.core.event.PhaseChangeTracer</phase-listener>
	</lifecycle>
	
	<converter>
		<converter-for-class>java.util.Date</converter-for-class>
		<converter-class>examples.teeda.convert.TestDateTimeConverter</converter-class>
	</converter>

	<managed-bean>
		<managed-bean-name>helloBean</managed-bean-name>
		<managed-bean-class>examples.teeda.bean.HelloBean</managed-bean-class>
		<managed-bean-scope>request</managed-bean-scope>
	</managed-bean>
	
	<managed-bean>
		<managed-bean-name>commandLinkBean</managed-bean-name>
		<managed-bean-class>examples.teeda.bean.CommandLinkBean</managed-bean-class>
		<managed-bean-scope>request</managed-bean-scope>
	</managed-bean>

	<managed-bean>
		<managed-bean-name>addBean</managed-bean-name>
		<managed-bean-class>examples.teeda.bean.AddBean</managed-bean-class>
		<managed-bean-scope>request</managed-bean-scope>
	</managed-bean>

	<managed-bean>
		<managed-bean-name>changePageBean</managed-bean-name>
		<managed-bean-class>examples.teeda.bean.ChangePageBean</managed-bean-class>
		<managed-bean-scope>request</managed-bean-scope>
	</managed-bean>
	
	<managed-bean>
		<managed-bean-name>changePageBean2</managed-bean-name>
		<managed-bean-class>examples.teeda.bean.ChangePageBean2</managed-bean-class>
		<managed-bean-scope>request</managed-bean-scope>
	</managed-bean>

	<managed-bean>
		<managed-bean-name>converterBean</managed-bean-name>
		<managed-bean-class>examples.teeda.bean.ConverterBean</managed-bean-class>
		<managed-bean-scope>request</managed-bean-scope>
	</managed-bean>
	
	<managed-bean>
		<managed-bean-name>validatorBean</managed-bean-name>
		<managed-bean-class>examples.teeda.bean.ValidatorBean</managed-bean-class>
		<managed-bean-scope>request</managed-bean-scope>
	</managed-bean>

	<navigation-rule>
		<from-view-id>/changePage/changePage1.jsp</from-view-id>
		<navigation-case>
			<from-outcome>ok</from-outcome>
			<to-view-id>/changePage/changePage1_result.jsp</to-view-id>
		</navigation-case>
	</navigation-rule>
	<navigation-rule>
		<from-view-id>/changePage2/changePage2.jsp</from-view-id>
		<navigation-case>
			<from-action>#{changePageBean2.doAction}</from-action>
			<from-outcome>dog</from-outcome>
			<to-view-id>/changePage2/changePage2_result_dog.jsp</to-view-id>
		</navigation-case>
		<navigation-case>
			<from-action>#{changePageBean2.doAction}</from-action>
			<from-outcome>cat</from-outcome>
			<to-view-id>/changePage2/changePage2_result_cat.jsp</to-view-id>
		</navigation-case>
	</navigation-rule>

</faces-config>
