<?xml version="1.0"?>

<!DOCTYPE faces-config PUBLIC
  "-//Sun Microsystems, Inc.//DTD JavaServer Faces Config 1.0//EN"
  "http://java.sun.com/dtd/web-facesconfig_1_0.dtd">

<!-- =========== FULL CONFIGURATION FILE ================================== -->

<faces-config>

	<application>
		<message-bundle>examples.teeda.message.Messages</message-bundle>
		<locale-config>
			<default-locale>en</default-locale>
			<supported-locale>ja</supported-locale>
		</locale-config>
	</application>

	<lifecycle>
		<phase-listener>org.seasar.teeda.core.event.PhaseChangeTracer</phase-listener>
	</lifecycle>

</faces-config>
