<?xml version="1.0"?>

<!DOCTYPE faces-config PUBLIC
  "-//Sun Microsystems, Inc.//DTD JavaServer Faces Config 1.0//EN"
  "http://java.sun.com/dtd/web-facesconfig_1_0.dtd">

<!-- =========== FULL CONFIGURATION FILE ================================== -->

<faces-config>
    <render-kit>
		<renderer>
			<component-family>javax.faces.Command</component-family>
			<renderer-type>javax.faces.Button</renderer-type>
			<renderer-class>
				org.seasar.teeda.extension.render.html.THtmlCommandButtonRenderer
			</renderer-class>
		</renderer>
	</render-kit>
	
	<component>
		<component-type>
			org.seasar.teeda.extension.Text
		</component-type>
		<component-class>
			org.seasar.teeda.extension.component.UIText
		</component-class>
	</component>
	<component>
		<component-type>
			org.seasar.teeda.extension.Body
		</component-type>
		<component-class>
			org.seasar.teeda.extension.component.UIBody
		</component-class>
	</component>
	<component>
		<component-type>
			org.seasar.teeda.extension.Title
		</component-type>
		<component-class>
			org.seasar.teeda.extension.component.UITitle
		</component-class>
	</component>
	<component>
		<component-type>
			org.seasar.teeda.extension.HtmlGrid
		</component-type>
		<component-class>
			org.seasar.teeda.extension.component.html.THtmlGrid
		</component-class>
	</component>
	<component>
		<component-type>
			org.seasar.teeda.extension.HtmlGridBody
		</component-type>
		<component-class>
			org.seasar.teeda.extension.component.html.THtmlGridBody
		</component-class>
	</component>
	<component>
		<component-type>
			org.seasar.teeda.extension.HtmlGridColumn
		</component-type>
		<component-class>
			org.seasar.teeda.extension.component.html.THtmlGridColumn
		</component-class>
	</component>
	<component>
		<component-type>
			org.seasar.teeda.extension.HtmlGridColumnGroup
		</component-type>
		<component-class>
			org.seasar.teeda.extension.component.html.THtmlGridColumnGroup
		</component-class>
	</component>
	<component>
		<component-type>
			org.seasar.teeda.extension.HtmlGridHeader
		</component-type>
		<component-class>
			org.seasar.teeda.extension.component.html.THtmlGridHeader
		</component-class>
	</component>
	<component>
		<component-type>
			org.seasar.teeda.extension.HtmlGridTd
		</component-type>
		<component-class>
			org.seasar.teeda.extension.component.html.THtmlGridTd
		</component-class>
	</component>
	<component>
		<component-type>
			org.seasar.teeda.extension.HtmlGridTh
		</component-type>
		<component-class>
			org.seasar.teeda.extension.component.html.THtmlGridTh
		</component-class>
	</component>
	<component>
		<component-type>
			org.seasar.teeda.extension.HtmlGridTr
		</component-type>
		<component-class>
			org.seasar.teeda.extension.component.html.THtmlGridTr
		</component-class>
	</component>
	<component>
		<component-type>
			org.seasar.teeda.extension.HtmlInputCommaText
		</component-type>
		<component-class>
			org.seasar.teeda.extension.component.html.THtmlInputCommaText
		</component-class>
	</component>
	<component>
		<component-type>
			org.seasar.teeda.extension.HtmlInputDateText
		</component-type>
		<component-class>
			org.seasar.teeda.extension.component.html.THtmlInputDateText
		</component-class>
	</component>
	<component>
		<component-type>
			org.seasar.teeda.extension.ForEach
		</component-type>
		<component-class>
			org.seasar.teeda.extension.component.TForEach
		</component-class>
	</component>
	<component>
		<component-type>
			javax.faces.SelectItems
		</component-type>
		<component-class>
			org.seasar.teeda.extension.component.TUISelectItems
		</component-class>
	</component>
	<component>
		<component-type>
			org.seasar.teeda.extension.Condition
		</component-type>
		<component-class>
			org.seasar.teeda.extension.component.TCondition
		</component-class>
	</component>
	<component>
		<component-type>
			org.seasar.teeda.extension.Label
		</component-type>
		<component-class>
			org.seasar.teeda.extension.component.html.THtmlOutputLabel
		</component-class>
	</component>
	<component>
		<component-type>
			org.seasar.teeda.extension.HtmlInputHidden
		</component-type>
		<component-class>
			org.seasar.teeda.extension.component.html.THtmlInputHidden
		</component-class>
	</component>
	<component>
		<component-type>
			org.seasar.teeda.extension.HtmlSelectOneMenu
		</component-type>
		<component-class>
			org.seasar.teeda.extension.component.html.THtmlSelectOneMenu
		</component-class>
	</component>
	<component>
		<component-type>
			org.seasar.teeda.extension.HtmlSelectOneRadio
		</component-type>
		<component-class>
			org.seasar.teeda.extension.component.html.THtmlSelectOneRadio
		</component-class>
	</component>
	<component>
		<component-type>
			org.seasar.teeda.extension.THtmlSelectManyCheckbox
		</component-type>
		<component-class>
			org.seasar.teeda.extension.component.html.THtmlSelectManyCheckbox
		</component-class>
	</component>
	<component>
		<component-type>
			org.seasar.teeda.extension.OutputText
		</component-type>
		<component-class>
			org.seasar.teeda.extension.component.html.THtmlOutputText
		</component-class>
	</component>
	<component>
		<component-type>
			org.seasar.teeda.extension.THtmlTree
		</component-type>
		<component-class>
			org.seasar.teeda.extension.component.html.THtmlTree
		</component-class>
	</component>
	<component>
		<component-type>
			org.seasar.teeda.extension.HtmlMessage
		</component-type>
		<component-class>
			org.seasar.teeda.extension.component.html.THtmlMessage
		</component-class>
	</component>
	<component>
		<component-type>
			org.seasar.teeda.extension.HtmlInputText
		</component-type>
		<component-class>
			org.seasar.teeda.extension.component.html.THtmlInputText
		</component-class>
	</component>
	<component>
		<component-type>
			javax.faces.HtmlCommandButton
		</component-type>
		<component-class>
			org.seasar.teeda.extension.component.html.THtmlCommandButton
		</component-class>
	</component>
</faces-config>
